OPTION_TYP,total_contracts,avg_oi
XX,105688869,9049113.727386463
PE,660930472,33445.93939960931
CE,814756825,53953.223685231074
